AFFGEOID,count
1500000US060372077111,160
1500000US060372063011,155
1500000US060372063031,148
1500000US060372088011,114
1500000US060372260021,113
1500000US060372079021,112
1500000US060372071021,99
1500000US060371902011,87
1500000US060372260022,86
1500000US060371905101,84
1500000US060372371014,83
1500000US060372077122,79
1500000US060372260011,79
1500000US060371901022,77
1500000US060372062021,77
1500000US060372073051,77
1500000US060372735023,74
1500000US060379800281,74
1500000US060371901011,73
1500000US060372383203,72
1500000US060371907011,72
1500000US060372376004,67
1500000US060372074001,67
1500000US060371907012,66
1500000US060372062011,65
1500000US060372073061,63
1500000US060372327021,63
1500000US060372073032,62
1500000US060372240201,62
1500000US060372089032,61
1500000US060372421001,60
1500000US060371901012,60
1500000US060372406003,59
1500000US060372377102,57
1500000US060372400102,56
1500000US060372121012,55
1500000US060372325001,55
1500000US060372063021,54
1500000US060372051202,54
1500000US060372060511,53
1500000US060372397012,53
1500000US060372734042,52
1500000US060372089022,50
1500000US060372073071,49
1500000US060371902023,49
1500000US060372734041,48
1500000US060371133012,48
1500000US060372240101,47
1500000US060372094022,47
1500000US060372911102,47
1500000US060372317202,47
1500000US060372313022,46
1500000US060372392013,46
1500000US060372384002,46
1500000US060372427003,46
1500000US060372240102,45
1500000US060372077121,45
1500000US060371910003,44
1500000US060372400203,44
1500000US060372393101,44
1500000US060371910001,44
1500000US060371945002,43
1500000US060372347003,43
1500000US060372403021,43
1500000US060372247021,42
1500000US060372414002,42
1500000US060372397022,42
1500000US060371990022,41
1500000US060372361012,41
1500000US060372410011,41
1500000US060372319011,41
1500000US060372402002,41
1500000US060372075022,39
1500000US060372381002,39
1500000US060372060501,39
1500000US060371912011,39
1500000US060372314001,39
1500000US060372312202,38
1500000US060372393202,38
1500000US060371904012,38
1500000US060372111221,38
1500000US060372328002,38
1500000US060372060541,38
1500000US060372383101,37
1500000US060372734031,37
1500000US060371919012,36
1500000US060371436061,36
1500000US060371253222,36
1500000US060372383102,36
1500000US060372431002,36
1500000US060372352021,35
1500000US060371909012,35
1500000US060372326011,34
1500000US060372311002,34
1500000US060372405002,34
1500000US060372246002,33
1500000US060372405004,33
1500000US060372046001,33
1500000US060372352022,33
1500000US060372371022,33
1500000US060372971101,32
1500000US060372375002,32
1500000US060372374012,32
1500000US060371239012,32
1500000US060372033001,32
1500000US060372392021,32
1500000US060372739025,32
1500000US060372427002,31
1500000US060372412025,31
1500000US060372411204,31
1500000US060379800241,31
1500000US060379800081,31
1500000US060372411202,31
1500000US060372324011,31
1500000US060372343011,31
1500000US060372145012,31
1500000US060371281022,30
1500000US060372406002,30
1500000US060371174081,30
1500000US060372321203,30
1500000US060371899052,30
1500000US060372172002,30
1500000US060372404012,30
1500000US060372079022,30
1500000US060372094031,30
1500000US060372095201,29
1500000US060372920011,29
1500000US060372382002,29
1500000US060372240202,29
1500000US060372372024,29
1500000US060372410012,29
1500000US060372346001,29
1500000US060372373003,29
1500000US060371908012,29
1500000US060372404013,28
1500000US060372780012,28
1500000US060372293002,28
1500000US060372405003,28
1500000US060372409011,28
1500000US060372286002,28
1500000US060372360011,28
1500000US060372285001,28
1500000US060372404022,28
1500000US060372396011,28
1500000US060372220012,28
1500000US060371927002,28
1500000US060372376003,27
1500000US060372111242,27
1500000US060372395022,27
1500000US060372093002,27
1500000US060371899041,27
1500000US060372060201,27
1500000US060372079011,27
1500000US060372288003,27
1500000US060372073042,27
1500000US060372044201,27
1500000US060371175202,27
1500000US060372118022,27
1500000US060372326021,26
1500000US060371916102,26
1500000US060372083023,26
1500000US060372396022,26
1500000US060372091061,26
1500000US060372315001,26
1500000US060372375001,26
1500000US060372264101,25
1500000US060372149021,25
1500000US060371327002,25
1500000US060371903022,25
1500000US060372292002,25
1500000US060371908022,25
1500000US060371920022,25
1500000US060372383201,25
1500000US060372349023,25
1500000US060372397021,25
1500000US060372060521,25
1500000US060372125021,25
1500000US060372971102,25
1500000US060372412022,25
1500000US060372060101,25
1500000US060372124201,24
1500000US060372426003,24
1500000US060372213021,24
1500000US060371201072,24
1500000US060371345201,24
1500000US060372227001,24
1500000US060372380003,24
1500000US060372420002,24
1500000US060372409021,24
1500000US060371913012,24
1500000US060372283103,24
1500000US060372381003,24
1500000US060372403012,24
1500000US060372378001,24
1500000US060372966001,24
1500000US060372113201,24
1500000US060372312201,24
1500000US060372362031,24
1500000US060371914201,24
1500000US060372911201,23
1500000US060372131001,23
1500000US060372073031,23
1500000US060372225002,23
1500000US060371925102,23
1500000US060372966002,23
1500000US060372396012,23
1500000US060372345012,23
1500000US060371252002,23
1500000US060371210102,23
1500000US060371911202,23
1500000US060372398012,23
1500000US060372036011,23
1500000US060371351112,23
1500000US060372222001,23
1500000US060372426002,23
1500000US060372404021,23
1500000US060372131002,23
1500000US060372397011,23
1500000US060379800141,23
1500000US060372346004,22
1500000US060372701011,22
1500000US060372183001,22
1500000US060371853202,22
1500000US060372112021,22
1500000US060372913002,22
1500000US060372121011,22
1500000US060372400101,22
1500000US060372361021,22
1500000US060372226003,22
1500000US060372117041,22
1500000US060372383202,22
1500000US060372318001,22
1500000US060372089021,22
1500000US060372362051,22
1500000US060372377201,22
1500000US060371920012,22
1500000US060371254041,21
1500000US060372328001,21
1500000US060371042041,21
1500000US060372294102,21
1500000US060372122022,21
1500000US060372372021,21
1500000US060372948201,21
1500000US060372325002,21
1500000US060371316001,21
1500000US060371351161,21
1500000US060371153022,21
1500000US060379800101,21
1500000US060372321102,21
1500000US060372371021,21
1500000US060372291001,21
1500000US060372372011,21
1500000US060371352011,21
1500000US060372073041,21
1500000US060372316032,20
1500000US060371200202,20
1500000US060372092021,20
1500000US060371343032,20
1500000US060372220024,20
1500000US060371864012,20
1500000US060372374023,20
1500000US060372377101,20
1500000US060371920023,20
1500000US060371043222,20
1500000US060371926202,20
1500000US060372703001,20
1500000US060371908011,20
1500000US060371997002,20
1500000US060372423002,20
1500000US060371871022,20
1500000US060372111231,20
1500000US060372134023,20
1500000US060372073062,20
1500000US060371912012,20
1500000US060372121021,20
1500000US060371310231,19
1500000US060372092011,19
1500000US060372197003,19
1500000US060372123041,19
1500000US060372410013,19
1500000US060371232031,19
1500000US060371278061,19
1500000US060371272103,19
1500000US060372073081,19
1500000US060372946201,19
1500000US060379800091,19
1500000US060372187021,19
1500000US060372093001,19
1500000US060372216011,19
1500000US060372243201,19
1500000US060372049202,19
1500000US060372943022,19
1500000US060372395013,19
1500000US060372379002,19
1500000US060372316021,19
1500000US060372402003,19
1500000US060371201052,19
1500000US060372122041,19
1500000US060371913022,19
1500000US060372947013,19
1500000US060371193411,19
1500000US060372094011,19
1500000US060371370001,19
1500000US060372380001,19
1500000US060372095202,19
1500000US060371277111,19
1500000US060372288002,19
1500000US060372317103,19
1500000US060372114101,19
1500000US060372014021,18
1500000US060371133032,18
1500000US060371200301,18
1500000US060372281001,18
1500000US060372212202,18
1500000US060372220022,18
1500000US060371218022,18
1500000US060371919011,18
1500000US060372396021,18
1500000US060371999001,18
1500000US060372404011,18
1500000US060372133201,18
1500000US060371239011,18
1500000US060371271023,18
1500000US060371211023,18
1500000US060372111243,18
1500000US060371201041,18
1500000US060371838101,18
1500000US060372422022,18
1500000US060372264202,18
1500000US060371902022,18
1500000US060372410022,18
1500000US060372087202,18
1500000US060371134241,18
1500000US060372753132,18
1500000US060371233011,18
1500000US060371892012,18
1500000US060372129002,18
1500000US060372362042,18
1500000US060372376002,18
1500000US060372409022,18
1500000US060371221222,18
1500000US060372423001,18
1500000US060372947012,18
1500000US060372403011,18
1500000US060372119211,17
1500000US060371220002,17
1500000US060372346002,17
1500000US060372398021,17
1500000US060371241021,17
1500000US060372652041,17
1500000US060372044101,17
1500000US060372408003,17
1500000US060372015041,17
1500000US060372093003,17
1500000US060371414003,17
1500000US060372095102,17
1500000US060371282101,17
1500000US060372944101,17
1500000US060371898011,17
1500000US060372148002,17
1500000US060372431001,17
1500000US060371231031,17
1500000US060371911101,17
1500000US060372372022,17
1500000US060372948302,17
1500000US060371991202,17
1500000US060371976001,17
1500000US060372200002,17
1500000US060372408001,17
1500000US060371974201,17
1500000US060371924202,17
1500000US060371133232,17
1500000US060372294202,17
1500000US060372318002,17
1500000US060372972011,17
1500000US060371200101,17
1500000US060372407001,17
1500000US060372088022,17
1500000US060371201051,17
1500000US060372412013,16
1500000US060372373004,16
1500000US060372086201,16
1500000US060371318011,16
1500000US060371347101,16
1500000US060372398023,16
1500000US060371272101,16
1500000US060372362041,16
1500000US060371917201,16
1500000US060371439011,16
1500000US060371351113,16
1500000US060372122031,16
1500000US060372395023,16
1500000US060371903031,16
1500000US060372422021,16
1500000US060371329002,16
1500000US060371273002,16
1500000US060372132022,16
1500000US060372195002,16
1500000US060372327011,16
1500000US060372382003,16
1500000US060371437003,16
1500000US060372948101,16
1500000US060371813002,16
1500000US060372016022,16
1500000US060372181102,16
1500000US060372324012,16
1500000US060371278031,16
1500000US060371990011,16
1500000US060372349022,16
1500000US060372219001,16
1500000US060372349021,16
1500000US060372267022,15
1500000US060372181101,15
1500000US060372089031,15
1500000US060372211202,15
1500000US060372162011,15
1500000US060372243102,15
1500000US060371911102,15
1500000US060372323003,15
1500000US060371132343,15
1500000US060372326022,15
1500000US060372214012,15
1500000US060372414001,15
1500000US060372400201,15
1500000US060371174071,15
1500000US060372048102,15
1500000US060371918203,15
1500000US060371436051,15
1500000US060372195001,15
1500000US060371394011,15
1500000US060371277112,15
1500000US060372286001,15
1500000US060372392022,15
1500000US060372212102,15
1500000US060371281021,15
1500000US060372962203,15
1500000US060372772002,15
1500000US060372311001,15
1500000US060372412011,15
1500000US060372398024,15
1500000US060372211102,15
1500000US060372292001,15
1500000US060372430011,15
1500000US060372086203,14
1500000US060372962102,14
1500000US060371899062,14
1500000US060372942003,14
1500000US060372371011,14
1500000US060371413042,14
1500000US060372377202,14
1500000US060372343022,14
1500000US060371230101,14
1500000US060371238003,14
1500000US060372075012,14
1500000US060371372031,14
1500000US060372226002,14
1500000US060372168002,14
1500000US060371944011,14
1500000US060371374011,14
1500000US060372404023,14
1500000US060372126101,14
1500000US060372402001,14
1500000US060371375021,14
1500000US060372134022,14
1500000US060372091041,14
1500000US060372037201,14
1500000US060372361022,14
1500000US060372675021,14
1500000US060372321101,14
1500000US060372381001,14
1500000US060372046002,14
1500000US060372111222,14
1500000US060371278053,14
1500000US060372088021,14
1500000US060372395012,14
1500000US060372117031,14
1500000US060371233041,14
1500000US060372246001,14
1500000US060372283102,14
1500000US060372084021,14
1500000US060372079012,14
1500000US060371917101,14
1500000US060371282102,14
1500000US060371064061,14
1500000US060372393302,14
1500000US060372393301,14
1500000US060371991201,14
1500000US060372294201,14
1500000US060371925202,13
1500000US060371310211,13
1500000US060372397023,13
1500000US060372128002,13
1500000US060372270101,13
1500000US060372242002,13
1500000US060371905102,13
1500000US060371201062,13
1500000US060371154042,13
1500000US060372393201,13
1500000US060371975001,13
1500000US060371954002,13
1500000US060371042031,13
1500000US060371174052,13
1500000US060372373002,13
1500000US060372672021,13
1500000US060372318003,13
1500000US060372084022,13
1500000US060372317201,13
1500000US060371897022,13
1500000US060371132121,13
1500000US060372283202,13
1500000US060371272102,13
1500000US060372094012,13
1500000US060371864032,13
1500000US060371956003,13
1500000US060372426001,13
1500000US060371255011,13
1500000US060372971201,13
1500000US060371041082,13
1500000US060371271041,13
1500000US060372313011,13
1500000US060371918102,13
1500000US060372362062,13
1500000US060372411203,13
1500000US060371901021,13
1500000US060372951031,13
1500000US060372285002,13
1500000US060372122032,13
1500000US060372948301,13
1500000US060372384001,13
1500000US060371342013,13
1500000US060372094032,13
1500000US060371172013,13
1500000US060372098201,13
1500000US060371134283,13
1500000US060372047002,13
1500000US060372324022,13
1500000US060372422012,13
1500000US060372086102,13
1500000US060371375022,13
1500000US060371044042,13
1500000US060371044032,13
1500000US060372060512,13
1500000US060372933022,13
1500000US060372200001,13
1500000US060372679011,13
1500000US060372013012,13
1500000US060372264102,13
1500000US060372091031,13
1500000US060372410021,13
1500000US060371232042,13
1500000US060372948202,13
1500000US060372398013,13
1500000US060372087201,13
1500000US060371242032,12
1500000US060372060531,12
1500000US060371915001,12
1500000US060371836102,12
1500000US060372379001,12
1500000US060372119103,12
1500000US060371212222,12
1500000US060372080011,12
1500000US060372089042,12
1500000US060372071032,12
1500000US060372340022,12
1500000US060372014011,12
1500000US060372774002,12
1500000US060371114011,12
1500000US060372146001,12
1500000US060372284202,12
1500000US060372972022,12
1500000US060372405001,12
1500000US060372319022,12
1500000US060376009121,12
1500000US060379800211,12
1500000US060372733001,12
1500000US060371396001,12
1500000US060372181201,12
1500000US060372969011,12
1500000US060372225003,12
1500000US060372127011,12
1500000US060371064033,12
1500000US060372374021,12
1500000US060371173024,12
1500000US060372398011,12
1500000US060372732003,12
1500000US060372291002,12
1500000US060372378002,12
1500000US060372088012,12
1500000US060372123051,12
1500000US060371172012,12
1500000US060372312102,12
1500000US060372431003,12
1500000US060371831011,12
1500000US060371234101,12
1500000US060371864011,12
1500000US060372285003,12
1500000US060372696013,12
1500000US060372133202,12
1500000US060371345203,12
1500000US060371065202,12
1500000US060371916201,12
1500000US060371349011,12
1500000US060372199013,12
1500000US060371044012,11
1500000US060372182102,11
1500000US060372761022,11
1500000US060372062012,11
1500000US060372100103,11
1500000US060372042002,11
1500000US060372736002,11
1500000US060372731003,11
1500000US060371190042,11
1500000US060372678003,11
1500000US060372319021,11
1500000US060371903021,11
1500000US060372382001,11
1500000US060372282101,11
1500000US060372182101,11
1500000US060372014012,11
1500000US060371431021,11
1500000US060372342003,11
1500000US060372085011,11
1500000US060372284102,11
1500000US060372071012,11
1500000US060372289001,11
1500000US060371439013,11
1500000US060372193003,11
1500000US060372182201,11
1500000US060372244202,11
1500000US060371134261,11
1500000US060372413001,11
1500000US060372317102,11
1500000US060372270202,11
1500000US060371286011,11
1500000US060371863021,11
1500000US060371253102,11
1500000US060372376001,11
1500000US060371253104,11
1500000US060372035002,11
1500000US060372094021,11
1500000US060371175303,11
1500000US060372672012,11
1500000US060372963001,11
1500000US060371913021,11
1500000US060372213031,11
1500000US060372323002,11
1500000US060371274003,11
1500000US060371276052,11
1500000US060371925201,11
1500000US060372676002,11
1500000US060372345011,11
1500000US060371283032,11
1500000US060371920021,11
1500000US060372189001,11
1500000US060372932031,11
1500000US060372144001,11
1500000US060371348011,11
1500000US060371066043,11
1500000US060372315003,11
1500000US060372373005,11
1500000US060371349043,11
1500000US060371945001,11
1500000US060371944022,11
1500000US060372122021,11
1500000US060372043003,11
1500000US060372264203,11
1500000US060371942003,10
1500000US060372946101,10
1500000US060372044202,10
1500000US060371212101,10
1500000US060372741004,10
1500000US060371061142,10
1500000US060371048211,10
1500000US060372016011,10
1500000US060372945201,10
1500000US060372243202,10
1500000US060371323011,10
1500000US060372411201,10
1500000US060372412021,10
1500000US060372216022,10
1500000US060371413051,10
1500000US060371943001,10
1500000US060372949001,10
1500000US060372322003,10
1500000US060371317021,10
1500000US060372080021,10
1500000US060371175304,10
1500000US060372287203,10
1500000US060371048212,10
1500000US060372407003,10
1500000US060372423003,10
1500000US060372118023,10
1500000US060372738001,10
1500000US060371347201,10
1500000US060372347004,10
1500000US060372170022,10
1500000US060372225001,10
1500000US060372048103,10
1500000US060372325004,10
1500000US060371272203,10
1500000US060372118031,10
1500000US060371234202,10
1500000US060372121022,10
1500000US060371925101,10
1500000US060371133231,10
1500000US060372132012,10
1500000US060372933041,10
1500000US060372945202,10
1500000US060372212101,10
1500000US060372098101,10
1500000US060372075021,10
1500000US060372213022,10
1500000US060371393012,10
1500000US060371212223,10
1500000US060371201063,10
1500000US060371047031,10
1500000US060372398022,10
1500000US060371066041,10
1500000US060372318004,10
1500000US060372172004,10
1500000US060372127021,10
1500000US060372287202,10
1500000US060371341041,10
1500000US060371271022,10
1500000US060372035001,10
1500000US060371096041,10
1500000US060372147002,10
1500000US060372198003,10
1500000US060371436022,10
1500000US060372170023,10
1500000US060372124102,10
1500000US060372965003,10
1500000US060372038003,10
1500000US060372702001,10
1500000US060372340011,10
1500000US060372125011,10
1500000US060371032021,10
1500000US060371152021,10
1500000US060372962201,10
1500000US060371201032,10
1500000US060372190102,10
1500000US060371323012,10
1500000US060371249021,10
1500000US060372911303,10
1500000US060371902021,10
1500000US060371325021,10
1500000US060372183003,9
1500000US060371211021,9
1500000US060372119101,9
1500000US060372406001,9
1500000US060372031001,9
1500000US060371957102,9
1500000US060372430021,9
1500000US060372039002,9
1500000US060371132383,9
1500000US060371958032,9
1500000US060371909021,9
1500000US060371174042,9
1500000US060371912032,9
1500000US060372949002,9
1500000US060372133102,9
1500000US060371203003,9
1500000US060372110001,9
1500000US060372016021,9
1500000US060371992012,9
1500000US060371873001,9
1500000US060371012202,9
1500000US060372408002,9
1500000US060372755002,9
1500000US060372134021,9
1500000US060371253103,9
1500000US060371434022,9
1500000US060372289002,9
1500000US060371222001,9
1500000US060371254022,9
1500000US060371152022,9
1500000US060372427001,9
1500000US060371287042,9
1500000US060371221221,9
1500000US060371274001,9
1500000US060372117013,9
1500000US060372403022,9
1500000US060371340022,9
1500000US060372735021,9
1500000US060372126202,9
1500000US060372717021,9
1500000US060371915002,9
1500000US060371913011,9
1500000US060371836201,9
1500000US060371231032,9
1500000US060371275202,9
1500000US060372118021,9
1500000US060371154014,9
1500000US060372964022,9
1500000US060371957103,9
1500000US060372017002,9
1500000US060372124202,9
1500000US060372321202,9
1500000US060372287201,9
1500000US060371958022,9
1500000US060372944212,9
1500000US060371134232,9
1500000US060372032003,9
1500000US060372084012,9
1500000US060371066042,9
1500000US060371343053,9
1500000US060372197002,9
1500000US060371993001,9
1500000US060372197001,9
1500000US060371999002,9
1500000US060372185002,9
1500000US060372316011,9
1500000US060372100101,9
1500000US060372217101,9
1500000US060372739021,9
1500000US060372221002,9
1500000US060371113031,9
1500000US060371838102,9
1500000US060372110004,9
1500000US060371273001,9
1500000US060371345212,9
1500000US060372314002,9
1500000US060372719022,9
1500000US060372324013,9
1500000US060372282203,9
1500000US060371375011,9
1500000US060371343033,9
1500000US060372352013,9
1500000US060372340013,9
1500000US060371944021,9
1500000US060379800311,9
1500000US060371393033,9
1500000US060371912041,9
1500000US060372946102,9
1500000US060372171012,9
1500000US060371134242,9
1500000US060371331021,9
1500000US060371276062,9
1500000US060372171021,9
1500000US060371224102,9
1500000US060372962202,9
1500000US060372172003,9
1500000US060371899042,8
1500000US060371899071,8
1500000US060372168003,8
1500000US060372267011,8
1500000US060379800151,8
1500000US060371289101,8
1500000US060371438021,8
1500000US060371862022,8
1500000US060372012001,8
1500000US060372407005,8
1500000US060371218012,8
1500000US060371349052,8
1500000US060371066481,8
1500000US060372317101,8
1500000US060372188001,8
1500000US060371910002,8
1500000US060372220021,8
1500000US060371862012,8
1500000US060372911101,8
1500000US060372677002,8
1500000US060372361011,8
1500000US060372965002,8
1500000US060372114201,8
1500000US060371284003,8
1500000US060372141003,8
1500000US060372294101,8
1500000US060372201003,8
1500000US060372048202,8
1500000US060371070204,8
1500000US060371397041,8
1500000US060371897032,8
1500000US060371318022,8
1500000US060372372023,8
1500000US060371198021,8
1500000US060371152041,8
1500000US060371396002,8
1500000US060371343052,8
1500000US060371832202,8
1500000US060372244101,8
1500000US060372110003,8
1500000US060372201002,8
1500000US060372941102,8
1500000US060379800161,8
1500000US060371863013,8
1500000US060371235201,8
1500000US060372216021,8
1500000US060372703002,8
1500000US060372085022,8
1500000US060372766011,8
1500000US060372036021,8
1500000US060372284201,8
1500000US060372189002,8
1500000US060371325011,8
1500000US060371314002,8
1500000US060371232061,8
1500000US060372193002,8
1500000US060371082041,8
1500000US060372013011,8
1500000US060371343061,8
1500000US060372032002,8
1500000US060371814003,8
1500000US060371393022,8
1500000US060371132371,8
1500000US060372071011,8
1500000US060372091032,8
1500000US060371044041,8
1500000US060372141004,8
1500000US060371833002,8
1500000US060371351131,8
1500000US060371254032,8
1500000US060372314003,8
1500000US060371276042,8
1500000US060372407004,8
1500000US060372283101,8
1500000US060371310241,8
1500000US060371218011,8
1500000US060372168001,8
1500000US060371201082,8
1500000US060372037101,8
1500000US060372098102,8
1500000US060372212201,8
1500000US060372969013,8
1500000US060372111211,8
1500000US060371254023,8
1500000US060372164013,8
1500000US060372912102,8
1500000US060371230201,8
1500000US060371340012,8
1500000US060372186003,8
1500000US060371810001,8
1500000US060372343012,8
1500000US060372411101,8
1500000US060372198001,8
1500000US060371341012,8
1500000US060372128001,8
1500000US060372218102,8
1500000US060371171022,8
1500000US060372140002,8
1500000US060372089041,7
1500000US060371341042,7
1500000US060371319002,7
1500000US060371352041,7
1500000US060371193102,7
1500000US060371241052,7
1500000US060371323022,7
1500000US060372163011,7
1500000US060372284101,7
1500000US060372933011,7
1500000US060371375012,7
1500000US060371351023,7
1500000US060371211022,7
1500000US060371345223,7
1500000US060371241022,7
1500000US060372781022,7
1500000US060371044011,7
1500000US060372267012,7
1500000US060372380004,7
1500000US060371111002,7
1500000US060372031002,7
1500000US060371192023,7
1500000US060372761011,7
1500000US060371064071,7
1500000US060372420001,7
1500000US060372351002,7
1500000US060372409012,7
1500000US060371243001,7
1500000US060371132131,7
1500000US060372132011,7
1500000US060371198022,7
1500000US060371204001,7
1500000US060371438011,7
1500000US060372182202,7
1500000US060372199021,7
1500000US060371174043,7
1500000US060372270103,7
1500000US060372676003,7
1500000US060371283021,7
1500000US060371330003,7
1500000US060372673003,7
1500000US060372190203,7
1500000US060371204003,7
1500000US060371113023,7
1500000US060371048221,7
1500000US060371042013,7
1500000US060371864041,7
1500000US060372015013,7
1500000US060371238002,7
1500000US060371154012,7
1500000US060371851011,7
1500000US060376028011,7
1500000US060371218021,7
1500000US060372349011,7
1500000US060371412012,7
1500000US060371045002,7
1500000US060372721005,7
1500000US060372044102,7
1500000US060372085023,7
1500000US060371047013,7
1500000US060372623021,7
1500000US060371953003,7
1500000US060371919022,7
1500000US060372732001,7
1500000US060371871012,7
1500000US060372140003,7
1500000US060371915003,7
1500000US060372293003,7
1500000US060375354001,7
1500000US060372125022,7
1500000US060372392023,7
1500000US060372395021,7
1500000US060372167001,7
1500000US060371246003,7
1500000US060371321022,7
1500000US060371907022,7
1500000US060372267021,7
1500000US060372091051,7
1500000US060371394021,7
1500000US060372947011,7
1500000US060372084011,7
1500000US060371331012,7
1500000US060372374011,7
1500000US060372675041,7
1500000US060371919021,7
1500000US060371271021,7
1500000US060372733003,7
1500000US060371349042,7
1500000US060371193401,7
1500000US060371271031,7
1500000US060372372012,7
1500000US060371977002,7
1500000US060371918202,7
1500000US060372015032,7
1500000US060372717023,7
1500000US060372351003,7
1500000US060372400202,7
1500000US060371114022,7
1500000US060375354002,7
1500000US060372348003,7
1500000US060371210104,7
1500000US060372393102,7
1500000US060371276061,7
1500000US060371911201,7
1500000US060372765001,7
1500000US060372201001,7
1500000US060371219002,7
1500000US060371853102,7
1500000US060372382004,7
1500000US060372247011,7
1500000US060371047043,7
1500000US060372944102,7
1500000US060371955003,7
1500000US060371893003,7
1500000US060372187022,7
1500000US060372095101,7
1500000US060372393103,7
1500000US060371281012,7
1500000US060371243002,7
1500000US060372932041,7
1500000US060372374022,7
1500000US060372015031,6
1500000US060372911301,6
1500000US060372127022,6
1500000US060371998011,6
1500000US060372123062,6
1500000US060372060532,6
1500000US060372086101,6
1500000US060372975021,6
1500000US060371043212,6
1500000US060371096042,6
1500000US060372031003,6
1500000US060372188002,6
1500000US060371233012,6
1500000US060372037202,6
1500000US060372222002,6
1500000US060372199012,6
1500000US060371397012,6
1500000US060371131011,6
1500000US060372041101,6
1500000US060371221202,6
1500000US060372736001,6
1500000US060371041242,6
1500000US060371175101,6
1500000US060371439022,6
1500000US060371242031,6
1500000US060371831041,6
1500000US060371340021,6
1500000US060372673001,6
1500000US060372364003,6
1500000US060372966004,6
1500000US060371343041,6
1500000US060372281003,6
1500000US060372128003,6
1500000US060371394022,6
1500000US060371112023,6
1500000US060371325022,6
1500000US060371064081,6
1500000US060371944012,6
1500000US060371230202,6
1500000US060372118032,6
1500000US060371233032,6
1500000US060371347203,6
1500000US060372264201,6
1500000US060372969023,6
1500000US060371371041,6
1500000US060372372013,6
1500000US060371314001,6
1500000US060372943012,6
1500000US060371411022,6
1500000US060371174072,6
1500000US060372943021,6
1500000US060372380006,6
1500000US060371190012,6
1500000US060372969012,6
1500000US060372115002,6
1500000US060372035003,6
1500000US060372756043,6
1500000US060372972021,6
1500000US060372733002,6
1500000US060371112021,6
1500000US060372378003,6
1500000US060371349071,6
1500000US060371021031,6
1500000US060372722022,6
1500000US060371395022,6
1500000US060371899061,6
1500000US060372325003,6
1500000US060372713001,6
1500000US060371284004,6
1500000US060372189003,6
1500000US060372283201,6
1500000US060371042011,6
1500000US060371241023,6
1500000US060371224203,6
1500000US060372756052,6
1500000US060371241031,6
1500000US060372345023,6
1500000US060372151012,6
1500000US060371997001,6
1500000US060371909023,6
1500000US060372941103,6
1500000US060371881001,6
1500000US060372912203,6
1500000US060371285004,6
1500000US060372043002,6
1500000US060371287031,6
1500000US060372932052,6
1500000US060371134251,6
1500000US060371253105,6
1500000US060371047041,6
1500000US060371095003,6
1500000US060371390014,6
1500000US060372343021,6
1500000US060372364002,6
1500000US060371942001,6
1500000US060371909013,6
1500000US060371061143,6
1500000US060372134013,6
1500000US060371247003,6
1500000US060371972001,6
1500000US060371276031,6
1500000US060371210202,6
1500000US060371943002,6
1500000US060371097003,6
1500000US060371194001,6
1500000US060371994003,6
1500000US060372051201,6
1500000US060372737003,6
1500000US060372199011,6
1500000US060372731001,6
1500000US060371395051,6
1500000US060371411013,6
1500000US060371197002,6
1500000US060372087102,6
1500000US060372362061,6
1500000US060371852023,6
1500000US060372190201,6
1500000US060371113032,6
1500000US060372270201,6
1500000US060371232051,6
1500000US060371892011,6
1500000US060371992021,6
1500000US060371173032,6
1500000US060372920021,6
1500000US060372373001,6
1500000US060371251011,6
1500000US060372340021,6
1500000US060372244102,6
1500000US060371233031,6
1500000US060371317022,6
1500000US060372215001,6
1500000US060372163022,6
1500000US060371351152,6
1500000US060372047001,6
1500000US060371321023,6
1500000US060371835201,6
1500000US060372362032,6
1500000US060371234201,6
1500000US060371318021,6
1500000US060372346003,6
1500000US060371431011,6
1500000US060371151011,6
1500000US060372216012,6
1500000US060372149041,6
1500000US060372112012,6
1500000US060371041051,5
1500000US060371372032,5
1500000US060372164011,5
1500000US060372611041,5
1500000US060372942002,5
1500000US060371032011,5
1500000US060372161003,5
1500000US060372110005,5
1500000US060371990021,5
1500000US060372690005,5
1500000US060372151011,5
1500000US060371240002,5
1500000US060371926201,5
1500000US060371924103,5
1500000US060371272202,5
1500000US060371252001,5
1500000US060372413002,5
1500000US060376003042,5
1500000US060372697001,5
1500000US060372933062,5
1500000US060372944213,5
1500000US060372321201,5
1500000US060372756031,5
1500000US060371927001,5
1500000US060372347002,5
1500000US060371394012,5
1500000US060371043102,5
1500000US060372969021,5
1500000US060372674052,5
1500000US060371349051,5
1500000US060371211011,5
1500000US060372327022,5
1500000US060372691003,5
1500000US060371060201,5
1500000US060371392004,5
1500000US060372699072,5
1500000US060371998012,5
1500000US060372051101,5
1500000US060371241042,5
1500000US060371914102,5
1500000US060372963002,5
1500000US060372214021,5
1500000US060372098202,5
1500000US060372430022,5
1500000US060372371012,5
1500000US060371904011,5
1500000US060371096033,5
1500000US060371173031,5
1500000US060372380005,5
1500000US060372214022,5
1500000US060372140004,5
1500000US060371066422,5
1500000US060372699032,5
1500000US060371193101,5
1500000US060371199003,5
1500000US060372641032,5
1500000US060372145051,5
1500000US060371432002,5
1500000US060371043211,5
1500000US060371283022,5
1500000US060372766012,5
1500000US060371863011,5
1500000US060371231043,5
1500000US060371918201,5
1500000US060372186001,5
1500000US060371047012,5
1500000US060372087101,5
1500000US060371283031,5
1500000US060372132013,5
1500000US060371034011,5
1500000US060371345202,5
1500000US060371323021,5
1500000US060372184001,5
1500000US060371975002,5
1500000US060371895012,5
1500000US060372182103,5
1500000US060372657011,5
1500000US060371331011,5
1500000US060371224101,5
1500000US060371348021,5
1500000US060372933042,5
1500000US060372185001,5
1500000US060372313021,5
1500000US060371413062,5
1500000US060372049101,5
1500000US060372184004,5
1500000US060371070102,5
1500000US060371281023,5
1500000US060371151031,5
1500000US060371897021,5
1500000US060372943011,5
1500000US060371998022,5
1500000US060372187011,5
1500000US060371956002,5
1500000US060371957201,5
1500000US060371190032,5
1500000US060372911302,5
1500000US060372735022,5
1500000US060372183002,5
1500000US060372739024,5
1500000US060371254021,5
1500000US060371891011,5
1500000US060372049201,5
1500000US060372244201,5
1500000US060372281002,5
1500000US060371342012,5
1500000US060371132382,5
1500000US060372123061,5
1500000US060372976021,5
1500000US060371046202,5
1500000US060371345221,5
1500000US060372282202,5
1500000US060371014003,5
1500000US060372015011,5
1500000US060371045001,5
1500000US060372011202,5
1500000US060372690004,5
1500000US060372395011,5
1500000US060371239022,5
1500000US060372755004,5
1500000US060371863023,5
1500000US060371923003,5
1500000US060372047003,5
1500000US060371060101,5
1500000US060371242042,5
1500000US060371896001,5
1500000US060371281011,5
1500000US060372932061,5
1500000US060371064031,5
1500000US060371274002,5
1500000US060372199023,5
1500000US060371134231,5
1500000US060372170011,5
1500000US060371370002,5
1500000US060371898012,5
1500000US060372719023,5
1500000US060372674042,5
1500000US060372962101,5
1500000US060372362052,5
1500000US060371031023,5
1500000US060372168004,5
1500000US060371216002,5
1500000US060371914101,5
1500000US060371200201,5
1500000US060371974102,5
1500000US060371390013,5
1500000US060371882012,5
1500000US060371872001,5
1500000US060372164022,5
1500000US060371255023,5
1500000US060372933072,5
1500000US060372364001,5
1500000US060372420003,5
1500000US060371907021,5
1500000US060371343042,5
1500000US060371893002,5
1500000US060371133222,5
1500000US060371973003,5
1500000US060371274004,5
1500000US060372734032,5
1500000US060372100102,5
1500000US060371909011,5
1500000US060372199022,5
1500000US060371341032,5
1500000US060371873002,4
1500000US060372655232,4
1500000US060371277122,4
1500000US060372407002,4
1500000US060372932051,4
1500000US060371042012,4
1500000US060371152023,4
1500000US060371435004,4
1500000US060371837022,4
1500000US060371852021,4
1500000US060371151041,4
1500000US060372770003,4
1500000US060371288012,4
1500000US060372200004,4
1500000US060372352012,4
1500000US060371193422,4
1500000US060372011201,4
1500000US060372113102,4
1500000US060371112051,4
1500000US060372718011,4
1500000US060372215002,4
1500000US060372933061,4
1500000US060372754002,4
1500000US060372149022,4
1500000US060372041103,4
1500000US060372755003,4
1500000US060371114021,4
1500000US060372123032,4
1500000US060372221001,4
1500000US060371994002,4
1500000US060371327003,4
1500000US060372612001,4
1500000US060372213041,4
1500000US060372941202,4
1500000US060371372022,4
1500000US060372126102,4
1500000US060372696012,4
1500000US060371046101,4
1500000US060372760003,4
1500000US060372213042,4
1500000US060372313023,4
1500000US060372270102,4
1500000US060371231042,4
1500000US060372085012,4
1500000US060372170021,4
1500000US060371238001,4
1500000US060371975003,4
1500000US060371957202,4
1500000US060371872002,4
1500000US060372392012,4
1500000US060372975011,4
1500000US060372119221,4
1500000US060371838202,4
1500000US060372352011,4
1500000US060371837013,4
1500000US060371240004,4
1500000US060372736003,4
1500000US060372912201,4
1500000US060371881003,4
1500000US060372316022,4
1500000US060372112011,4
1500000US060371832211,4
1500000US060371834021,4
1500000US060371042032,4
1500000US060372146003,4
1500000US060371282201,4
1500000US060371853101,4
1500000US060372051102,4
1500000US060372220023,4
1500000US060372151023,4
1500000US060371278052,4
1500000US060371132321,4
1500000US060371883001,4
1500000US060371955002,4
1500000US060372384004,4
1500000US060372190101,4
1500000US060372226001,4
1500000US060371882011,4
1500000US060372118041,4
1500000US060372172001,4
1500000US060372671021,4
1500000US060371958031,4
1500000US060371132391,4
1500000US060372151021,4
1500000US060372732002,4
1500000US060372345022,4
1500000US060371837012,4
1500000US060371853201,4
1500000US060371279102,4
1500000US060371061131,4
1500000US060371210201,4
1500000US060372965001,4
1500000US060376509012,4
1500000US060372674041,4
1500000US060372039001,4
1500000US060372975022,4
1500000US060371095002,4
1500000US060371098004,4
1500000US060371043221,4
1500000US060371905202,4
1500000US060372167002,4
1500000US060372723022,4
1500000US060372132021,4
1500000US060371278041,4
1500000US060372218201,4
1500000US060371256001,4
1500000US060371347202,4
1500000US060371154041,4
1500000US060371834012,4
1500000US060372933021,4
1500000US060371132341,4
1500000US060371043103,4
1500000US060372118042,4
1500000US060372976022,4
1500000US060371320023,4
1500000US060372946202,4
1500000US060371172021,4
1500000US060371958021,4
1500000US060371064051,4
1500000US060372221003,4
1500000US060371041053,4
1500000US060372699031,4
1500000US060371245002,4
1500000US060371375013,4
1500000US060371959031,4
1500000US060371397031,4
1500000US060371918103,4
1500000US060372780011,4
1500000US060371201031,4
1500000US060371112022,4
1500000US060372190202,4
1500000US060371433023,4
1500000US060372944211,4
1500000US060372144002,4
1500000US060371041052,4
1500000US060372348002,4
1500000US060371313003,4
1500000US060372699051,4
1500000US060371201081,4
1500000US060371344221,4
1500000US060371065103,4
1500000US060372011102,4
1500000US060372126201,4
1500000US060371097001,4
1500000US060372752002,4
1500000US060371909022,4
1500000US060372083011,4
1500000US060371203004,4
1500000US060372217102,4
1500000US060372672022,4
1500000US060371289102,4
1500000US060371917102,4
1500000US060372717022,4
1500000US060372038001,4
1500000US060371956001,4
1500000US060371871011,4
1500000US060372016023,4
1500000US060371171013,4
1500000US060371082021,4
1500000US060371094003,4
1500000US060371153023,4
1500000US060372133101,4
1500000US060372702003,4
1500000US060371041241,4
1500000US060371952023,4
1500000US060371313001,4
1500000US060372741002,4
1500000US060372171023,4
1500000US060371279202,4
1500000US060372214011,4
1500000US060371284002,4
1500000US060372422011,4
1500000US060372348001,4
1500000US060372060102,4
1500000US060375352003,4
1500000US060371893001,4
1500000US060372315002,4
1500000US060371319001,4
1500000US060371091002,4
1500000US060372751022,4
1500000US060371908023,3
1500000US060371413031,3
1500000US060372718041,3
1500000US060371974103,3
1500000US060372626043,3
1500000US060371317011,3
1500000US060371245001,3
1500000US060372412024,3
1500000US060372037102,3
1500000US060371096043,3
1500000US060371434013,3
1500000US060371433022,3
1500000US060371372023,3
1500000US060372211101,3
1500000US060372721002,3
1500000US060371172022,3
1500000US060372699062,3
1500000US060372941201,3
1500000US060372351001,3
1500000US060371312003,3
1500000US060371899072,3
1500000US060371153021,3
1500000US060371021072,3
1500000US060371112065,3
1500000US060371831031,3
1500000US060371957101,3
1500000US060372110002,3
1500000US060371251013,3
1500000US060372282102,3
1500000US060371278032,3
1500000US060371433012,3
1500000US060372656012,3
1500000US060371046102,3
1500000US060371436031,3
1500000US060372141001,3
1500000US060371815003,3
1500000US060371374022,3
1500000US060371917202,3
1500000US060371412013,3
1500000US060371242041,3
1500000US060372322002,3
1500000US060372379003,3
1500000US060371242011,3
1500000US060371153014,3
1500000US060371395041,3
1500000US060371232033,3
1500000US060371895022,3
1500000US060372742023,3
1500000US060371237002,3
1500000US060371172011,3
1500000US060372371013,3
1500000US060372316031,3
1500000US060371902012,3
1500000US060372643052,3
1500000US060371883002,3
1500000US060371413041,3
1500000US060371242013,3
1500000US060372115003,3
1500000US060371380001,3
1500000US060372360012,3
1500000US060371190041,3
1500000US060372655221,3
1500000US060371285001,3
1500000US060371831013,3
1500000US060372971202,3
1500000US060371219001,3
1500000US060371390012,3
1500000US060371344241,3
1500000US060371897031,3
1500000US060371914202,3
1500000US060371047032,3
1500000US060371992011,3
1500000US060371992013,3
1500000US060371041083,3
1500000US060372739022,3
1500000US060371437002,3
1500000US060371994001,3
1500000US060372193001,3
1500000US060372430012,3
1500000US060372697004,3
1500000US060371349062,3
1500000US060371048231,3
1500000US060371832203,3
1500000US060371891012,3
1500000US060371012221,3
1500000US060372115001,3
1500000US060371374013,3
1500000US060371286012,3
1500000US060371342011,3
1500000US060371193421,3
1500000US060372945102,3
1500000US060372213032,3
1500000US060371151012,3
1500000US060372349012,3
1500000US060372766071,3
1500000US060372621002,3
1500000US060372970012,3
1500000US060371414002,3
1500000US060371220001,3
1500000US060371993002,3
1500000US060371064082,3
1500000US060372198002,3
1500000US060372970021,3
1500000US060371279101,3
1500000US060376008012,3
1500000US060371439021,3
1500000US060371288022,3
1500000US060371249032,3
1500000US060372672023,3
1500000US060372032001,3
1500000US060371192013,3
1500000US060371343031,3
1500000US060371197001,3
1500000US060371066433,3
1500000US060372041102,3
1500000US060371352043,3
1500000US060372723021,3
1500000US060372964012,3
1500000US060371091001,3
1500000US060372378004,3
1500000US060371132112,3
1500000US060372374013,3
1500000US060371031011,3
1500000US060372698002,3
1500000US060371061141,3
1500000US060371236022,3
1500000US060372147001,3
1500000US060371175102,3
1500000US060371347102,3
1500000US060372678002,3
1500000US060371286023,3
1500000US060372113202,3
1500000US060371944023,3
1500000US060371232032,3
1500000US060371437001,3
1500000US060371011102,3
1500000US060371898022,3
1500000US060371393013,3
1500000US060372117042,3
1500000US060372169022,3
1500000US060372781023,3
1500000US060371134271,3
1500000US060372162022,3
1500000US060371835202,3
1500000US060371316003,3
1500000US060371861003,3
1500000US060371253221,3
1500000US060371201061,3
1500000US060372721003,3
1500000US060371896002,3
1500000US060372162021,3
1500000US060372653061,3
1500000US060371311002,3
1500000US060372655211,3
1500000US060372652032,3
1500000US060372348004,3
1500000US060372145041,3
1500000US060372774001,3
1500000US060371247002,3
1500000US060371954004,3
1500000US060371349061,3
1500000US060371061123,3
1500000US060371033001,3
1500000US060372164021,3
1500000US060371098003,3
1500000US060372042001,3
1500000US060372163021,3
1500000US060372170012,3
1500000US060371416001,3
1500000US060372181203,3
1500000US060371096013,3
1500000US060372293001,3
1500000US060372360014,3
1500000US060372412012,3
1500000US060372766081,3
1500000US060372711002,3
1500000US060372716004,3
1500000US060371152042,3
1500000US060372083021,3
1500000US060371216001,3
1500000US060371310222,3
1500000US060372966003,3
1500000US060371918101,3
1500000US060371973001,3
1500000US060371941012,3
1500000US060372712001,3
1500000US060372679022,3
1500000US060371411012,3
1500000US060371438022,3
1500000US060371032012,3
1500000US060371151013,3
1500000US060371392003,3
1500000US060371212221,3
1500000US060372380002,3
1500000US060372627061,3
1500000US060372713003,3
1500000US060372129001,3
1500000US060371112061,3
1500000US060372183004,3
1500000US060371834011,3
1500000US060371255021,3
1500000US060371249031,3
1500000US060371198012,3
1500000US060371132342,3
1500000US060371154032,3
1500000US060371852031,3
1500000US060371959022,3
1500000US060371113042,3
1500000US060371048242,3
1500000US060371064053,3
1500000US060372317203,3
1500000US060372140001,3
1500000US060371908021,3
1500000US060372932042,3
1500000US060371066482,3
1500000US060371891022,3
1500000US060371851021,3
1500000US060372218101,3
1500000US060371236023,3
1500000US060371814002,3
1500000US060372114202,3
1500000US060371247001,3
1500000US060371112064,3
1500000US060371413061,3
1500000US060371041031,3
1500000US060372718032,3
1500000US060372655242,3
1500000US060371131022,3
1500000US060371923002,3
1500000US060371862011,3
1500000US060371834022,3
1500000US060371278063,3
1500000US060372719011,3
1500000US060372086202,3
1500000US060372127023,3
1500000US060371881002,3
1500000US060371132312,2
1500000US060372652031,2
1500000US060371952022,2
1500000US060372712002,2
1500000US060371065102,2
1500000US060372742022,2
1500000US060371815002,2
1500000US060372754001,2
1500000US060371380003,2
1500000US060371192021,2
1500000US060372145031,2
1500000US060372148003,2
1500000US060371974101,2
1500000US060371031012,2
1500000US060372964023,2
1500000US060371832221,2
1500000US060371064032,2
1500000US060372713004,2
1500000US060371154011,2
1500000US060371398012,2
1500000US060372041202,2
1500000US060371952011,2
1500000US060371066421,2
1500000US060372183005,2
1500000US060371951003,2
1500000US060372731002,2
1500000US060372945101,2
1500000US060372655231,2
1500000US060372324021,2
1500000US060371953002,2
1500000US060372043001,2
1500000US060371175302,2
1500000US060372963003,2
1500000US060372147003,2
1500000US060372282201,2
1500000US060371212102,2
1500000US060371048232,2
1500000US060372048101,2
1500000US060372653012,2
1500000US060372912103,2
1500000US060372169021,2
1500000US060371393023,2
1500000US060371832212,2
1500000US060372753121,2
1500000US060372964021,2
1500000US060371061112,2
1500000US060372766013,2
1500000US060371236012,2
1500000US060371289103,2
1500000US060371174041,2
1500000US060371375041,2
1500000US060372671022,2
1500000US060372015014,2
1500000US060371343023,2
1500000US060371351162,2
1500000US060371190031,2
1500000US060371064052,2
1500000US060371132111,2
1500000US060373004006,2
1500000US060371081023,2
1500000US060372671011,2
1500000US060372211201,2
1500000US060371021071,2
1500000US060371926101,2
1500000US060372316012,2
1500000US060372628022,2
1500000US060371883003,2
1500000US060371113021,2
1500000US060371043213,2
1500000US060372384003,2
1500000US060371112012,2
1500000US060377028022,2
1500000US060377004002,2
1500000US060371810002,2
1500000US060372643041,2
1500000US060372119102,2
1500000US060371224202,2
1500000US060371048241,2
1500000US060371288011,2
1500000US060371132311,2
1500000US060372171011,2
1500000US060372948102,2
1500000US060372752003,2
1500000US060372287102,2
1500000US060372742021,2
1500000US060372764004,2
1500000US060371233043,2
1500000US060371061121,2
1500000US060372717042,2
1500000US060371286013,2
1500000US060371194002,2
1500000US060371193402,2
1500000US060371347103,2
1500000US060372169011,2
1500000US060371314003,2
1500000US060371371032,2
1500000US060371081022,2
1500000US060372675022,2
1500000US060372718042,2
1500000US060371042042,2
1500000US060371836202,2
1500000US060379800391,2
1500000US060371066411,2
1500000US060372169012,2
1500000US060372691004,2
1500000US060372134011,2
1500000US060375313022,2
1500000US060371976002,2
1500000US060371310242,2
1500000US060371992022,2
1500000US060371837011,2
1500000US060371313002,2
1500000US060371061132,2
1500000US060372145032,2
1500000US060372144003,2
1500000US060371916101,2
1500000US060371012211,2
1500000US060376707011,2
1500000US060371395062,2
1500000US060371221212,2
1500000US060377001022,2
1500000US060371234102,2
1500000US060372113101,2
1500000US060371096014,2
1500000US060371438012,2
1500000US060371412023,2
1500000US060372655222,2
1500000US060371312002,2
1500000US060376509014,2
1500000US060371112052,2
1500000US060371835102,2
1500000US060371070201,2
1500000US060372243101,2
1500000US060372379004,2
1500000US060371221201,2
1500000US060375352002,2
1500000US060372751023,2
1500000US060371070203,2
1500000US060377032006,2
1500000US060371321011,2
1500000US060371279201,2
1500000US060372017001,2
1500000US060372287101,2
1500000US060371190011,2
1500000US060372622001,2
1500000US060371974202,2
1500000US060372970011,2
1500000US060372164012,2
1500000US060372013023,2
1500000US060371275201,2
1500000US060372675042,2
1500000US060371175201,2
1500000US060372149031,2
1500000US060371251012,2
1500000US060372643061,2
1500000US060371092002,2
1500000US060371348012,2
1500000US060372342001,2
1500000US060372760001,2
1500000US060372719013,2
1500000US060371211012,2
1500000US060371031022,2
1500000US060371924201,2
1500000US060371972002,2
1500000US060372699081,2
1500000US060371371034,2
1500000US060372976023,2
1500000US060371396003,2
1500000US060371398011,2
1500000US060371351111,2
1500000US060371832201,2
1500000US060372036012,2
1500000US060372038004,2
1500000US060371212212,2
1500000US060371955001,2
1500000US060371923001,2
1500000US060371098001,2
1500000US060371065101,2
1500000US060371393021,2
1500000US060372653071,2
1500000US060371210103,2
1500000US060371013002,2
1500000US060371958042,2
1500000US060372111241,2
1500000US060372181202,2
1500000US060372741003,2
1500000US060372920022,2
1500000US060372048201,2
1500000US060372410023,2
1500000US060371417002,2
1500000US060371374023,2
1500000US060372146002,2
1500000US060371014001,2
1500000US060372772001,2
1500000US060371864031,2
1500000US060372751011,2
1500000US060371941011,2
1500000US060371285002,2
1500000US060371064072,2
1500000US060371193203,2
1500000US060372627062,2
1500000US060379800231,2
1500000US060372738002,2
1500000US060371393011,2
1500000US060372941101,2
1500000US060372186002,2
1500000US060377028032,2
1500000US060371816001,2
1500000US060371204002,2
1500000US060372161002,2
1500000US060372972023,2
1500000US060371395021,2
1500000US060371194003,2
1500000US060375312012,2
1500000US060372715003,2
1500000US060372071031,2
1500000US060372242001,2
1500000US060371852041,2
1500000US060371173023,2
1500000US060371349072,2
1500000US060371892022,2
1500000US060371432001,2
1500000US060371398022,2
1500000US060371066423,2
1500000US060371278043,2
1500000US060377004004,2
1500000US060372342002,2
1500000US060375406002,2
1500000US060372014023,2
1500000US060372716002,2
1500000US060371343034,2
1500000US060371034022,2
1500000US060371154013,2
1500000US060371352022,2
1500000US060371288023,2
1500000US060372912101,2
1500000US060372412023,2
1500000US060371838201,2
1500000US060371312001,2
1500000US060371882013,2
1500000US060371152031,2
1500000US060371349041,2
1500000US060372913003,2
1500000US060371276051,2
1500000US060371977003,2
1500000US060375327001,2
1500000US060371343021,2
1500000US060372673002,2
1500000US060372622003,2
1500000US060371244001,2
1500000US060371351022,2
1500000US060371320012,2
1500000US060372347001,2
1500000US060371417001,2
1500000US060371244003,2
1500000US060371243003,2
1500000US060371891021,2
1500000US060371047042,2
1500000US060371081011,2
1500000US060371371031,2
1500000US060372643042,2
1500000US060372771001,2
1500000US060371230102,2
1500000US060372701012,2
1500000US060372932062,2
1500000US060371926102,2
1500000US060371132132,2
1500000US060372674061,2
1500000US060372739023,2
1500000US060372711003,2
1500000US060372075011,2
1500000US060372679021,2
1500000US060371341011,2
1500000US060379800171,2
1500000US060371095001,2
1500000US060372111212,2
1500000US060371235102,2
1500000US060372764001,1
1500000US060379800191,1
1500000US060371951002,1
1500000US060371373011,1
1500000US060371882023,1
1500000US060372655212,1
1500000US060372756042,1
1500000US060372695004,1
1500000US060372770005,1
1500000US060371240001,1
1500000US060371412022,1
1500000US060372134012,1
1500000US060372970022,1
1500000US060372741001,1
1500000US060371065201,1
1500000US060371133011,1
1500000US060371234203,1
1500000US060371397013,1
1500000US060371897042,1
1500000US060372693002,1
1500000US060371894001,1
1500000US060371892023,1
1500000US060371852042,1
1500000US060372218202,1
1500000US060371310221,1
1500000US060372124101,1
1500000US060372723012,1
1500000US060371013004,1
1500000US060372351004,1
1500000US060371320011,1
1500000US060371236021,1
1500000US060371232052,1
1500000US060372652011,1
1500000US060372674032,1
1500000US060371871021,1
1500000US060374807021,1
1500000US060372621003,1
1500000US060377009022,1
1500000US060371349013,1
1500000US060377009011,1
1500000US060371236011,1
1500000US060371374021,1
1500000US060372753113,1
1500000US060371835101,1
1500000US060371031025,1
1500000US060371998021,1
1500000US060371973002,1
1500000US060371316002,1
1500000US060371173012,1
1500000US060371271042,1
1500000US060371345211,1
1500000US060371311001,1
1500000US060372753114,1
1500000US060371343022,1
1500000US060372756033,1
1500000US060371070101,1
1500000US060371851012,1
1500000US060372781021,1
1500000US060371941021,1
1500000US060371171021,1
1500000US060377029004,1
1500000US060372951033,1
1500000US060372626045,1
1500000US060372184003,1
1500000US060371343062,1
1500000US060372964011,1
1500000US060371112041,1
1500000US060371351021,1
1500000US060371013001,1
1500000US060372626011,1
1500000US060372756041,1
1500000US060371287032,1
1500000US060372014022,1
1500000US060371432003,1
1500000US060371851022,1
1500000US060371173021,1
1500000US060376002022,1
1500000US060371435001,1
1500000US060371113022,1
1500000US060375410031,1
1500000US060371096031,1
1500000US060371439012,1
1500000US060376003023,1
1500000US060372718031,1
1500000US060371349012,1
1500000US060371905201,1
1500000US060371977001,1
1500000US060371132122,1
1500000US060372623032,1
1500000US060375435031,1
1500000US060372717041,1
1500000US060371959021,1
1500000US060375352001,1
1500000US060372676001,1
1500000US060372171022,1
1500000US060371244002,1
1500000US060371013003,1
1500000US060371066461,1
1500000US060372640002,1
1500000US060372771002,1
1500000US060371096012,1
1500000US060371319003,1
1500000US060372699061,1
1500000US060372161001,1
1500000US060372690002,1
1500000US060371173011,1
1500000US060372219002,1
1500000US060371199002,1
1500000US060371197003,1
1500000US060372352023,1
1500000US060372041201,1
1500000US060371311003,1
1500000US060371393032,1
1500000US060377028033,1
1500000US060371112043,1
1500000US060372220011,1
1500000US060371864042,1
1500000US060371954003,1
1500000US060372976011,1
1500000US060371242012,1
1500000US060371061111,1
1500000US060371021041,1
1500000US060371434021,1
1500000US060371066462,1
1500000US060371066032,1
1500000US060371321013,1
1500000US060372651002,1
1500000US060371286022,1
1500000US060377001015,1
1500000US060372085021,1
1500000US060372738003,1
1500000US060371288021,1
1500000US060371956004,1
1500000US060371861004,1
1500000US060372200005,1
1500000US060371224201,1
1500000US060371134252,1
1500000US060376700021,1
1500000US060372148001,1
1500000US060372718012,1
1500000US060371397014,1
1500000US060372011101,1
1500000US060372722011,1
1500000US060371012212,1
1500000US060372693004,1
1500000US060373017024,1
1500000US060372698001,1
1500000US060373203004,1
1500000US060371310212,1
1500000US060372764005,1
1500000US060371413032,1
1500000US060371924101,1
1500000US060372652012,1
1500000US060371222002,1
1500000US060371011101,1
1500000US060372038002,1
1500000US060371132392,1
1500000US060371198011,1
1500000US060372653033,1
1500000US060379800261,1
1500000US060372933071,1
1500000US060371277121,1
1500000US060372656022,1
1500000US060371344212,1
1500000US060371287041,1
1500000US060371081031,1
1500000US060379800011,1
1500000US060371278051,1
1500000US060373201022,1
1500000US060371320013,1
1500000US060372770002,1
1500000US060372621001,1
1500000US060371093001,1
1500000US060371912031,1
1500000US060372699071,1
1500000US060375410032,1
1500000US060371134282,1
1500000US060372693003,1
1500000US060371236013,1
1500000US060372771003,1
1500000US060371398021,1
1500000US060371192022,1
1500000US060371255022,1
1500000US060372345021,1
1500000US060371941022,1
1500000US060371081041,1
1500000US060372627042,1
1500000US060371836101,1
1500000US060371991102,1
1500000US060372715001,1
1500000US060371247004,1
1500000US060372672011,1
1500000US060371171011,1
1500000US060377025011,1
1500000US060371132322,1
1500000US060372752001,1
1500000US060371434012,1
1500000US060371231041,1
1500000US060372697002,1
1500000US060371237004,1
1500000US060372716003,1
1500000US060371031024,1
1500000US060372623022,1
1500000US060371174051,1
1500000US060371397053,1
1500000US060371041081,1
1500000US060371133221,1
1500000US060371061122,1
1500000US060371392002,1
1500000US060372323001,1
1500000US060372651001,1
1500000US060371034021,1
1500000US060371193201,1
1500000US060372674051,1
1500000US060371816002,1
1500000US060371093002,1
1500000US060371903032,1
1500000US060376004002,1
1500000US060371833003,1
1500000US060371393031,1
1500000US060371390011,1
1500000US060371397015,1
1500000US060372200003,1
1500000US060371330002,1
1500000US060371249022,1
1500000US060372695003,1
1500000US060371951004,1
1500000US060371200102,1
1500000US060371991101,1
1500000US060372760004,1
1500000US060371810003,1
1500000US060372766072,1
1500000US060372381004,1
1500000US060375329002,1
1500000US060371861002,1
1500000US060371320021,1
1500000US060371131012,1
1500000US060371343051,1
1500000US060371239021,1
1500000US060372973001,1
1500000US060372122042,1
1500000US060371253212,1
1500000US060372701021,1
1500000US060371831032,1
1500000US060371060202,1
1500000US060372946203,1
1500000US060371096011,1
1500000US060371094002,1
1500000US060372083022,1
1500000US060372187012,1
1500000US060371081021,1
1500000US060372674031,1
1500000US060371021042,1
1500000US060372117032,1
1500000US060371132344,1
1500000US060371895021,1
1500000US060375309012,1
1500000US060372625013,1
1500000US060371011221,1
1500000US060371070202,1
1500000US060371414001,1
1500000US060371898021,1
1500000US060371394023,1
1500000US060371221211,1
1500000US060372149032,1
1500000US060372643032,1
1500000US060371814001,1
1500000US060371810004,1
1500000US060373016012,1
1500000US060371112011,1
1500000US060377005012,1
1500000US060371285003,1
1500000US060371112062,1
1500000US060372063022,1
1500000US060372611023,1
1500000US060372719012,1
1500000US060371852022,1
1500000US060371094001,1
1500000US060372690003,1
1500000US060372732004,1
1500000US060371241051,1
1500000US060371352012,1
1500000US060371190033,1
1500000US060377001011,1
1500000US060371373022,1
1500000US060371344222,1
1500000US060371411011,1
1500000US060371320022,1
1500000US060372702002,1
1500000US060372169013,1
1500000US060372141002,1
1500000US060371066491,1
1500000US060371066031,1
1500000US060372011203,1
1500000US060371065203,1
1500000US060372657023,1
1500000US060371255012,1
1500000US060371153011,1
1500000US060372765003,1
1500000US060372717031,1
1500000US060371317012,1
1500000US060372942001,1
1500000US060372392011,1
1500000US060371131021,1
1500000US060372973002,1
1500000US060372969022,1
1500000US060372013021,1
1500000US060372015012,1
1500000US060372717033,1
1500000US060371397011,1
1500000US060371352042,1
1500000US060377024003,1
1500000US060372654202,1
1500000US060372770004,1
1500000US060371060102,1
1500000US060372151022,1
1500000US060371341031,1
1500000US060371321012,1
1500000US060377002006,1
1500000US060372643031,1
1500000US060372322001,1
1500000US060371046201,1
1500000US060371171012,1
1500000US060371066492,1
1500000US060374808033,1
1500000US060371897041,1
1500000US060371031021,1
1500000US060372976012,1
1500000US060371397051,1
1500000US060372640001,1
